burton,one hitter,$519.99
burton,flight attendant ,$420.00
burton,name dropper,$520.00
jones,ultra mountain twin,$329.99
k2,mindbender 118c,$249.95
atomic,vantage 107ti,$749.95
salomon,qst pro 120,$750.00
full tilt,Descendant 4,$499.99
head,Kore,$140.00
salomon,qst pro 130tr,$180.00
salomon,qst pro 130tr,$180.01
salomon,qst pro 130tr,$180.02
salomon,qst pro 130tr,$180.03
salomon,qst pro 130tr,$180.04
salomon,qst pro 130tr,$180.05
salomon,qst pro 130tr,$180.06
salomon,qst pro 130tr,$180.07
salomon,qst pro 130tr,$180.08
salomon,qst pro 130tr,$180.09
salomon,qst pro 130tr,$180.10
salomon,qst pro 130tr,$180.11
salomon,qst pro 130tr,$180.12
salomon,qst pro 130tr,$180.13
salomon,qst pro 130tr,$180.14
salomon,qst pro 130tr,$180.15
salomon,qst pro 130tr,$180.16
salomon,qst pro 130tr,$180.17
salomon,qst pro 130tr,$180.18
salomon,qst pro 130tr,$180.19
salomon,qst pro 130tr,$180.20
salomon,qst pro 130tr,$180.21
salomon,qst pro 130tr,$180.22
salomon,qst pro 130tr,$180.23
salomon,qst pro 130tr,$180.24
salomon,qst pro 130tr,$180.25
salomon,qst pro 130tr,$180.26
salomon,qst pro 130tr,$180.27
salomon,qst pro 130tr,$180.28
salomon,qst pro 130tr,$180.29
salomon,qst pro 130tr,$180.30
